Test,Previous,O,Previous Label,O Label
Compact 4B,100.0,100.0,65/65,65/65
Top-1 4B,26.153846153846157,98.46153846153847,17/65,64/65
Top-1 0.5B,72.3076923076923,98.46153846153847,47/65,64/65
Top-3 4B,13.846153846153847,100.0,9/65,65/65
Hard ID 4B,75.0,87.5,12/16,14/16
